{"cameraMode":{"drawMode":0,"name":"Shaded","section":"Shading Mode"},"sceneLighting":true,"audioPlay":false,"sceneViewState":{"showFog":true,"showMaterialUpdate":false,"showSkybox":false,"showFlares":true,"showImageEffects":true,"showParticleSystems":true},"in2DMode":false,"pivot":{"x":103.82813262939453,"y":161.5442657470703,"z":-13.795764923095704},"rotation":{"x":-0.10182678699493408,"y":0.03130057454109192,"z":-0.00320718577131629,"w":-0.9943044781684876},"size":268.6005554199219,"orthographic":false}