{"cameraMode":{"drawMode":0,"name":"Shaded","section":"Shading Mode"},"sceneLighting":true,"audioPlay":false,"sceneViewState":{"showFog":true,"showMaterialUpdate":false,"showSkybox":true,"showFlares":true,"showImageEffects":true,"showParticleSystems":true},"in2DMode":false,"pivot":{"x":35.36522674560547,"y":7.155786991119385,"z":64.75619506835938},"rotation":{"x":0.013184470124542714,"y":-0.9863278865814209,"z":0.09951659291982651,"w":0.1306905597448349},"size":7.101538181304932,"orthographic":false}